Month;#Commits
1996-02;1
1996-03;68
1996-04;70
1996-05;11
1996-06;33
1996-07;25
1996-08;6
1996-09;6
1996-10;9
1996-11;19
1996-12;46
1997-01;10
1997-02;64
1997-03;109
1997-04;119
1997-05;103
1997-06;117
1997-07;33
1997-08;6
1997-09;54
1997-10;54
1997-11;21
1997-12;40
1998-01;76
1998-02;65
1998-03;48
1998-04;45
1998-05;35
1998-06;25
1998-07;12
1998-08;7
1998-09;19
1998-10;26
1998-11;38
1998-12;35
1999-01;62
1999-02;48
1999-03;43
1999-04;15
1999-05;41
1999-06;86
1999-07;42
1999-08;94
1999-09;44
1999-10;30
1999-11;31
1999-12;8
2000-01;34
2000-02;52
2000-03;47
2000-04;51
2000-05;19
2000-06;35
2000-07;36
2000-08;77
2000-09;45
2000-10;25
2000-11;42
2000-12;25
2001-01;15
2001-02;60
2001-03;46
2001-04;35
2001-05;58
2001-06;77
2001-07;12
2001-08;56
2001-09;41
2001-10;27
2001-11;21
2001-12;25
2002-01;67
2002-02;45
2002-03;44
2002-04;79
2002-05;64
2002-06;40
2002-07;87
2002-08;62
2002-09;49
2002-10;92
2002-11;75
2002-12;52
2003-01;74
2003-02;73
2003-03;148
2003-04;185
2003-05;157
2003-06;85
2003-07;157
2003-08;201
2003-09;174
2003-10;85
2003-11;79
2003-12;90
2004-01;152
2004-02;110
2004-03;122
2004-04;123
2004-05;181
2004-06;223
2004-07;152
2004-08;170
2004-09;98
2004-10;148
2004-11;162
2004-12;125
2005-01;125
2005-02;159
2005-03;130
2005-04;90
2005-05;208
2005-06;163
2005-07;109
2005-08;209
2005-09;255
2005-10;126
2005-11;194
2005-12;239
2006-01;327
2006-02;379
2006-03;385
2006-04;285
2006-05;234
2006-06;114
2006-07;198
2006-08;216
2006-09;293
2006-10;254
2006-11;241
2006-12;129
2007-01;225
2007-02;210
2007-03;232
2007-04;275
2007-05;253
2007-06;234
2007-07;266
2007-08;243
2007-09;189
2007-10;193
2007-11;194
2007-12;225
2008-01;227
2008-02;382
2008-03;179
2008-04;136
2008-05;129
2008-06;92
2008-07;83
2008-08;157
2008-09;95
2008-10;82
2008-11;77
2008-12;95
2009-01;192
2009-02;102
2009-03;108
2009-04;175
2009-05;152
2009-06;113
2009-07;208
2009-08;89
2009-09;98
2009-10;130
2009-11;116
2009-12;101
2010-01;191
2010-02;304
2010-03;412
2010-04;318
2010-05;103
2010-06;98
2010-07;190
2010-08;167
2010-09;42
2010-10;87
2010-11;125
2010-12;116
2011-01;148
2011-02;171
2011-03;498
2011-04;361
2011-05;256
2011-06;80
2011-07;46
2011-08;146
2011-09;128
2011-10;139
2011-11;79
2011-12;139
2012-01;92
2012-02;52
2012-03;99
2012-04;84
2012-05;107
2012-06;89
2012-07;66
2012-08;117
2012-09;101
2012-10;163
2012-11;124
2012-12;180
2013-01;202
2013-02;189
2013-03;80
2013-04;112
2013-05;106
2013-06;40
2013-07;12
2013-08;45
2013-09;42
2013-10;46
2013-11;88
2013-12;63
2014-01;111
2014-02;100
2014-03;123
2014-04;132
2014-05;100
2014-06;32
2014-07;82
2014-08;54
2014-09;77
2014-10;87
2014-11;120
2014-12;58
2015-01;51
2015-02;29
2015-03;104
2015-04;76
2015-05;84
2015-06;65
2015-07;94
2015-08;51
2015-09;25
2015-10;54
2015-11;59
2015-12;67
2016-01;23
2016-02;78
2016-03;106
2016-04;33
2016-05;14
2016-06;106
2016-07;423
2016-08;167
2016-09;408
2016-10;50
2016-11;59
2016-12;94
2017-01;17
2017-02;132
2017-03;243
2017-04;153
2017-05;209
2017-06;130
2017-07;135
2017-08;108
2017-09;138
2017-10;166
2017-11;184
2017-12;229
2018-01;259
2018-02;318
2018-03;198
2018-04;187
2018-05;195
2018-06;113
2018-07;279
2018-08;404
2018-09;260
2018-10;126
2018-11;179
2018-12;127
2019-01;195
2019-02;131
2019-03;118
2019-04;116
2019-05;190
2019-06;87
2019-07;232
2019-08;154
2019-09;97
2019-10;146
2019-11;86
2019-12;217
2020-01;131
2020-02;459
2020-03;198
2020-04;161
2020-05;111
2020-06;178
2020-07;57
2020-08;96
2020-09;91
2020-10;56
2020-11;134
2020-12;55
2021-01;78
2021-02;52
2021-03;140
2021-04;95
2021-05;73
2021-06;100
2021-07;70
2021-08;16
2021-09;43
2021-10;57
2021-11;47
2021-12;54
2022-01;143
2022-02;112
2022-03;155
2022-04;165
2022-05;197
2022-06;100
2022-07;108
2022-08;51
2022-09;43
2022-10;51
2022-11;57
2022-12;78
2023-01;75
2023-02;123
2023-03;159
2023-04;145
2023-05;126
2023-06;116
2023-07;86
2023-08;32
2023-09;80
2023-10;88
2023-11;92
2023-12;96
2024-01;86
2024-02;146
2024-03;115
2024-04;81
2024-05;88
2024-06;69
2024-07;116
2024-08;82
2024-09;41
2024-10;66
2024-11;49
2024-12;103
2025-01;80
2025-02;24
2025-03;46
2025-04;59
2025-05;59
2025-06;110
2025-07;58
2025-08;32
2025-09;55
2025-10;58
2025-11;11
