Project,ncommits,nauthors,from,to,nstars,nforks,lastGHCommitDate,LongestGapStart,LongestGapEnd,LongestGapLength,NumCommitsAfterLastGap,ActivityPattern,NumberOfGapsInTimeline
annkennedy_tracer,366,4,1499548710,1624573166,57,9,2025-01-22T06:50:08Z,2019-08,2019-10,3,48,declining,1
brentp_vcfanno,428,17,1429908668,1756585014,403,56,2026-06-16T19:02:01Z,2023-12,2025-06,19,2,declining,8
freesurfer_freesurfer,41070,238,825262903,1762559181,877,301,2026-09-29T16:24:42Z,N/A,N/A,0,0,cyclical,0
isa-tools_isa-api,4134,52,1426161039,1774857269,48,42,2026-07-23T08:16:52Z,2025-06,2025-09,4,117,declining,1
markmfredrickson_ritools,1118,20,1307049689,1761340147,17,11,2025-05-17T13:18:53Z,2014-10,2015-06,9,782,cyclical,9
neuroelectro_neuroelectro_org,1259,38,1357677337,1741605788,19,7,2024-12-07T16:21:16Z,2020-05,2024-11,55,4,declining,4
nvidiagameworks_falcor,1954,90,1501098582,1757340318,3242,622,2026-09-21T15:08:34Z,2019-11,2020-02,4,390,U-shaped,3
openforcefield_openforcefield,9643,120,1465668694,1762466664,415,107,2026-09-28T19:46:56Z,2018-08,2018-08,1,8111,cyclical,0
r-spatial_mapedit,441,20,1484853293,1745214706,221,33,2026-02-15T11:31:59Z,2020-05,2021-04,12,127,declining,8
ropensci_textreuse,309,17,1426363160,1741080545,200,34,2026-07-25T01:12:17Z,2020-06,2024-04,47,13,declining,7
